INSERT INTO Customer (CustomerID, Username, Password, Address, Phone#) VALUES ('1','Corena','MvxFFQ7L','138 Pleasant St Malden MA','617-463-1859');
INSERT INTO Customer (CustomerID, Username, Password, Address, Phone#) VALUES ('2','Thea','r8GDp1aF','14 Summer St Malden MA','617-911-3720');
INSERT INTO Customer (CustomerID, Username, Password, Address, Phone#) VALUES ('3','Domenico','EGeLpuL','99 Florence St Malden MA','617-381-2753');
INSERT INTO Customer (CustomerID, Username, Password, Address, Phone#) VALUES ('4','Tiebout','TMiGjxlGbuUp','72 Staniford St Boston MA','617-899-3512');
INSERT INTO Customer (CustomerID, Username, Password, Address, Phone#) VALUES ('5','Alverta','H658lD1','50 Malden St Boston MA','617-267-7770');
INSERT INTO Customer (CustomerID, Username, Password, Address, Phone#) VALUES ('6','Monica','cWajbVkwOlrs','77 Exeter St Boston MA','617-410-8593');
INSERT INTO Customer (CustomerID, Username, Password, Address, Phone#) VALUES ('7','Carolee','13lywky2','99 Kneeland St Boston MA','617-149-9698');
INSERT INTO Customer (CustomerID, Username, Password, Address, Phone#) VALUES ('8','Cacilia','XGXI3po','126 Border St Boston MA','617-117-8830');
INSERT INTO Customer (CustomerID, Username, Password, Address, Phone#) VALUES ('9','Lucho','BzXJnpV','125 Guest St Boston MA','617-468-5427');
INSERT INTO Customer (CustomerID, Username, Password, Address, Phone#) VALUES ('10','Marvin','lyxJ8Aa','1 Nashua St Boston MA','617-584-6718');
INSERT INTO Customer (CustomerID, Username, Password, Address, Phone#) VALUES ('11','Darnall','WR2LMQCB7','160 Pleasant St Malden MA','617-658-3645');
INSERT INTO Customer (CustomerID, Username, Password, Address, Phone#) VALUES ('12','Krissy','bt71BQ5TA','345 Harrison Ave Boston MA','617-446-6830');
INSERT INTO Customer (CustomerID, Username, Password, Address, Phone#) VALUES ('13','Jocelyne','qeWOd4pq','401 Mt Vernon St Boston MA','617-788-0007');
INSERT INTO Customer (CustomerID, Username, Password, Address, Phone#) VALUES ('14','Leoine','GRIcPsl','1 Canal St Boston MA','617-680-8999');
INSERT INTO Customer (CustomerID, Username, Password, Address, Phone#) VALUES ('15','Preston','JUxGEr9W','36 Dartmouth St Malden MA','617-402-2810');
INSERT INTO Customer (CustomerID, Username, Password, Address, Phone#) VALUES ('16','Morton','I4HmWdyzTe','665 Washington St Boston MA','617-139-0942');
INSERT INTO Customer (CustomerID, Username, Password, Address, Phone#) VALUES ('17','Esdras','nikJDQv5Oeb','101 Canal St Boston MA','617-416-4908');
INSERT INTO Customer (CustomerID, Username, Password, Address, Phone#) VALUES ('18','Hobie','uOYIf4Ol','150 Exchange St Malden MA','617-279-1922');


INSERT INTO FrequentCustomer (CustomerID, Order#perMonth) VALUES ('2','15');
INSERT INTO FrequentCustomer (CustomerID, Order#perMonth) VALUES ('4','13');
INSERT INTO FrequentCustomer (CustomerID, Order#perMonth) VALUES ('5','16');
INSERT INTO FrequentCustomer (CustomerID, Order#perMonth) VALUES ('6','15');
INSERT INTO FrequentCustomer (CustomerID, Order#perMonth) VALUES ('8','12');
INSERT INTO FrequentCustomer (CustomerID, Order#perMonth) VALUES ('10','20');
INSERT INTO FrequentCustomer (CustomerID, Order#perMonth) VALUES ('11','11');
INSERT INTO FrequentCustomer (CustomerID, Order#perMonth) VALUES ('13','16');
INSERT INTO FrequentCustomer (CustomerID, Order#perMonth) VALUES ('15','13');
INSERT INTO FrequentCustomer (CustomerID, Order#perMonth) VALUES ('17','20');
INSERT INTO FrequentCustomer (CustomerID, Order#perMonth) VALUES ('18','18');


INSERT INTO VIPCustomer (CustomerID, DiscountRate, DeliveryCoupon) VALUES ('1','15%','10');
INSERT INTO VIPCustomer (CustomerID, DiscountRate, DeliveryCoupon) VALUES ('2','15%','2.99');
INSERT INTO VIPCustomer (CustomerID, DiscountRate, DeliveryCoupon) VALUES ('5','15%','4.99');
INSERT INTO VIPCustomer (CustomerID, DiscountRate, DeliveryCoupon) VALUES ('6','15%','2.99');
INSERT INTO VIPCustomer (CustomerID, DiscountRate, DeliveryCoupon) VALUES ('7','15%','4.99');
INSERT INTO VIPCustomer (CustomerID, DiscountRate, DeliveryCoupon) VALUES ('10','15%','2.99');
INSERT INTO VIPCustomer (CustomerID, DiscountRate, DeliveryCoupon) VALUES ('13','15%','2.99');
INSERT INTO VIPCustomer (CustomerID, DiscountRate, DeliveryCoupon) VALUES ('16','15%','10');
INSERT INTO VIPCustomer (CustomerID, DiscountRate, DeliveryCoupon) VALUES ('17','15%','2.99');
INSERT INTO VIPCustomer (CustomerID, DiscountRate, DeliveryCoupon) VALUES ('18','15%','2.99');


INSERT INTO CustomerService (ServerID,ServerName) VALUES ('1','Helyn');
INSERT INTO CustomerService (ServerID,ServerName) VALUES ('2','Alfie');
INSERT INTO CustomerService (ServerID,ServerName) VALUES ('3','Hanni');
INSERT INTO CustomerService (ServerID,ServerName) VALUES ('4','Dionisio');
INSERT INTO CustomerService (ServerID,ServerName) VALUES ('5','Isobel');
INSERT INTO CustomerService (ServerID,ServerName) VALUES ('6','Gwenette');
INSERT INTO CustomerService (ServerID,ServerName) VALUES ('7','Maryjane');
INSERT INTO CustomerService (ServerID,ServerName) VALUES ('8','Justinn');
INSERT INTO CustomerService (ServerID,ServerName) VALUES ('9','Dianne');
INSERT INTO CustomerService (ServerID,ServerName) VALUES ('10','Baird');


INSERT INTO DeliveryDriver (DriverID,DriverName,Phone#,CarType,VIN) VALUES ('1','Jeana','243-640-8879','Buick','JN1CV6FE7DM123459');
INSERT INTO DeliveryDriver (DriverID,DriverName,Phone#,CarType,VIN) VALUES ('2','Land','268-367-1578','Mitsubishi','1G6DV1EP8E0098624');
INSERT INTO DeliveryDriver (DriverID,DriverName,Phone#,CarType,VIN) VALUES ('3','Adora','627-376-1973','Buick','1C4NJCBAXFD339389');
INSERT INTO DeliveryDriver (DriverID,DriverName,Phone#,CarType,VIN) VALUES ('4','Farrell','421-434-1635','Dodge','JM1DE1KY4D0255719');
INSERT INTO DeliveryDriver (DriverID,DriverName,Phone#,CarType,VIN) VALUES ('5','Hildegaard','503-240-9873','Infiniti','WAUHFBFL2BN451450');
INSERT INTO DeliveryDriver (DriverID,DriverName,Phone#,CarType,VIN) VALUES ('6','Deana','218-656-7134','Honda','WAUDFAFC0CN846253');
INSERT INTO DeliveryDriver (DriverID,DriverName,Phone#,CarType,VIN) VALUES ('7','Fairleigh','777-797-3324','Saab','WAULC68EX4A251855');
INSERT INTO DeliveryDriver (DriverID,DriverName,Phone#,CarType,VIN) VALUES ('8','Berna','572-815-5153','Buick','WBANB33564B169875');
INSERT INTO DeliveryDriver (DriverID,DriverName,Phone#,CarType,VIN) VALUES ('9','Lon','919-287-7329','Chevrolet','WAUXL58E05A672190')
INSERT INTO DeliveryDriver (DriverID,DriverName,Phone#,CarType,VIN) VALUES ('10','Sergei','241-700-8274','Lincoln','SCBFC7ZA3DC813068')


INSERT INTO Restaurant VALUES (1,'Kims Kitchen','708 Columbus Ave, South End','617-421-9588','11:30','22:00','Asian Fusion, Chinese, Japanese');
INSERT INTO Restaurant VALUES (2,'MIDA','782 Tremont St, South End','617-936-3490','12:00','13:00','Italian, Bars');
INSERT INTO Restaurant VALUES (3,'Boston Burger','1100 Boylston St, Boston','857-233-4560','11:00','23:00','American,Bueger');
INSERT INTO Restaurant VALUES (4,'Pho Basil','177 Massachusetts, Boston','617-262-5377','10:00','22:30','Vietnames, Thai, Seafood');
INSERT INTO Restaurant VALUES (5,'Cornish Pasty','51 Massachusetts, Back Bay','857-250-4497','11:00','23:00','British, Vegan, Cocktail Bars');
INSERT INTO Restaurant VALUES (6,'Blunch','59 E Springfield St, Boston','617-247-8100','9:00','15:00','Breakfast, Brunch');
INSERT INTO Restaurant VALUES (7,'Island Creek Oyster Bar','500 Commonwealth Ave, Boston','617-532-5300','11:30','23:30','Seafood, Bars');
INSERT INTO Restaurant VALUES (8,'GreCo','225 Newbury St, Back Bay','617-572-3300','12:00','22:00','Greek, Salad, Sandwiches');
INSERT INTO Restaurant VALUES (9,'Union Park Pizza','1405 Washington St, South End','617-855-1100','10:00','23:00','Pizza');
INSERT INTO Restaurant VALUES (10,'Billys Sub Shop','57 Berkley St, South End','617-426-1822','7:00','16:00','Diners, Sandwiches, Salad');

INSERT INTO Item (ItemID,RestaurantID,ItemName,ItemDescription,ItemCategory,ItemUnitPrice) VALUES (1,2,'Spaghetti','Tomato','Kale Plate', 16.99);
INSERT INTO Item (ItemID,RestaurantID,ItemName,ItemDescription,ItemCategory,ItemUnitPrice) VALUES (2,2,'Tiramisu Milk','Cream','Coffe Powder Desset',5.67);
INSERT INTO Item (ItemID,RestaurantID,ItemName,ItemDescription,ItemCategory,ItemUnitPrice) VALUES (3,2,'Stuffed Mushrooms Chesse','Mushroom', 'Appetizer', 7.89);
INSERT INTO Item (ItemID,RestaurantID,ItemName,ItemDescription,ItemCategory,ItemUnitPrice) VALUES (4,5,'Bangers and Mash Grilled Onion','Homemade Pork', 'Plate', 13.95);
INSERT INTO Item (ItemID,RestaurantID,ItemName,ItemDescription,ItemCategory,ItemUnitPrice) VALUES (5,1,'Pork Belly Spicy Sauce','Pork',' Appetizer', 17.95);
INSERT INTO Item (ItemID,RestaurantID,ItemName,ItemDescription,ItemCategory,ItemUnitPrice) VALUES (6,6,'Tree Sandwich Turkey','Bread', 'Sandwich',6.99);
INSERT INTO Item (ItemID,RestaurantID,ItemName,ItemDescription,ItemCategory,ItemUnitPrice) VALUES (7,6,'Oven Roasted Tomatoes Bread','Egg,Tomato', 'Sandwich', 8.99);
INSERT INTO Item (ItemID,RestaurantID,ItemName,ItemDescription,ItemCategory,ItemUnitPrice) VALUES (8,7,'Lobster Roe Noodles' ,'Rib,Lobster,Noodles', 'Plate', 34);
INSERT INTO Item (ItemID,RestaurantID,ItemName,ItemDescription,ItemCategory,ItemUnitPrice) VALUES (9,7,'Crispy Oyster Slider Oyster','Brioche Roll', 'Appetizer', 4);
INSERT INTO Item (ItemID,RestaurantID,ItemName,ItemDescription,ItemCategory,ItemUnitPrice) VALUES (10,7,'Clam Chowder Clam','Biscuits Bacon', 'Soup', 11);
INSERT INTO Item (ItemID,RestaurantID,ItemName,ItemDescription,ItemCategory,ItemUnitPrice) VALUES (11,7,'Crab Cake Radish','Fennel', 'Plate', 16);
INSERT INTO Item (ItemID,RestaurantID,ItemName,ItemDescription,ItemCategory,ItemUnitPrice) VALUES (12, 7, 'Salmon Tartare Salmon','Seasame',' Plate', 13);
INSERT INTO Item (ItemID,RestaurantID,ItemName,ItemDescription,ItemCategory,ItemUnitPrice) VALUES (13, 2, 'Latte Milk','Coffee',' Beverage', 5.67);
INSERT INTO Item (ItemID,RestaurantID,ItemName,ItemDescription,ItemCategory,ItemUnitPrice) VALUES (14, 1, 'Pad Thai Sprout','Scallion','Egg Plate', 11.95);
INSERT INTO Item (ItemID,RestaurantID,ItemName,ItemDescription,ItemCategory,ItemUnitPrice) VALUES (15, 1, 'Dan Dan Noodles',' Minced Pork','Hoisin Sauce Bowl', 10.95);
INSERT INTO Item (ItemID,RestaurantID,ItemName,ItemDescription,ItemCategory,ItemUnitPrice) VALUES (16, 9, 'Baffalo Chicken',' Chicken,Sauce',' Appetizer', 7.8);
INSERT INTO Item (ItemID,RestaurantID,ItemName,ItemDescription,ItemCategory,ItemUnitPrice) VALUES (17, 9, 'Mags Supreme Onion','Green Pepper','Bacon Pizza', 5.66);
INSERT INTO Item (ItemID,RestaurantID,ItemName,ItemDescription,ItemCategory,ItemUnitPrice) VALUES (18, 9, 'Summer Sausage',' Sausage','Onion Pizza', 8.2);
INSERT INTO Item (ItemID,RestaurantID,ItemName,ItemDescription,ItemCategory,ItemUnitPrice) VALUES (19, 10, 'Chicken Pot Pie Chicken','Carrots,Grean Beans',' Plate', 13.95);
INSERT INTO Item (ItemID,RestaurantID,ItemName,ItemDescription,ItemCategory,ItemUnitPrice) VALUES (20, 10, 'Lamb and Mint',' Lamb,Potato',' Plate', 14.95);
INSERT INTO Item (ItemID,RestaurantID,ItemName,ItemDescription,ItemCategory,ItemUnitPrice) VALUES (21, 6, 'Lasagna Meat Sauce','Cheese' ,'Plate', 14.29);
INSERT INTO Item (ItemID,RestaurantID,ItemName,ItemDescription,ItemCategory,ItemUnitPrice) VALUES (22, 6, 'Meatball Pork','Tomato', 'Appetizer', 9.8);
INSERT INTO Item (ItemID,RestaurantID,ItemName,ItemDescription,ItemCategory,ItemUnitPrice) VALUES (23, 6, 'Apple Crostda', 'Apple','Cream Desset', 4.23);
INSERT INTO Item (ItemID,RestaurantID,ItemName,ItemDescription,ItemCategory,ItemUnitPrice) VALUES (24, 4, 'Drunken Noodles Bean','Onion','Noodles Plate', 11);
INSERT INTO Item (ItemID,RestaurantID,ItemName,ItemDescription,ItemCategory,ItemUnitPrice) VALUES (25, 4, 'Spicy Crab Rangoon',' Crab,Pork', 'Appetizer', 6.8);
INSERT INTO Item (ItemID,RestaurantID,ItemName,ItemDescription,ItemCategory,ItemUnitPrice) VALUES (26, 4, 'Spring Rolls','Pork,Cabbage','Appetizer', 7.8);
INSERT INTO Item (ItemID,RestaurantID,ItemName,ItemDescription,ItemCategory,ItemUnitPrice) VALUES (27, 4, 'Pho Dac Biet Beef','Tender',' Bowl', 10.99);
INSERT INTO Item (ItemID,RestaurantID,ItemName,ItemDescription,ItemCategory,ItemUnitPrice) VALUES (28, 2, 'Duck Fried Rice',' Duck,Rice',' Plate', 12.95);
INSERT INTO Item (ItemID,RestaurantID,ItemName,ItemDescription,ItemCategory,ItemUnitPrice) VALUES (29, 2, 'Mango Chicken Mango','Chicken,Red Pepper',' Plate', 16.95);
INSERT INTO Item (ItemID,RestaurantID,ItemName,ItemDescription,ItemCategory,ItemUnitPrice) VALUES (30, 4, 'Meat Dumpling', 'Pork,Mushroom',' Appetizer', 8.95);
INSERT INTO Item (ItemID,RestaurantID,ItemName,ItemDescription,ItemCategory,ItemUnitPrice) VALUES (31, 4, 'VITA Soy Milk', 'Soy Milk',' Beverage', 2.95);
INSERT INTO Item (ItemID,RestaurantID,ItemName,ItemDescription,ItemCategory,ItemUnitPrice) VALUES (32, 3, 'Chicken Tikka Masala', 'Chicken Breast,Green Pepper',' Plate', 14.95);
INSERT INTO Item (ItemID,RestaurantID,ItemName,ItemDescription,ItemCategory,ItemUnitPrice) VALUES (33, 3, 'Cottage Pie Seasoned', 'Ground Beef' ,'Plate', 13.95);
INSERT INTO Item (ItemID,RestaurantID,ItemName,ItemDescription,ItemCategory,ItemUnitPrice) VALUES (34, 3, 'Banoffee Pie Caramel','Cream,Bananas',' Desset', 9.95);
INSERT INTO Item (ItemID,RestaurantID,ItemName,ItemDescription,ItemCategory,ItemUnitPrice) VALUES (35, 8, 'Classic Pork', 'Pork gyro,Onion,Potatoes',' Appetizer', 9);
INSERT INTO Item (ItemID,RestaurantID,ItemName,ItemDescription,ItemCategory,ItemUnitPrice) VALUES (36, 8, 'Classic Bifteki Beef','Feta,Tomato',' Appetizer', 8.5);
INSERT INTO Item (ItemID,RestaurantID,ItemName,ItemDescription,ItemCategory,ItemUnitPrice) VALUES (37, 8, 'Horiatiki Tomato','Cucumber,Olives',' Appetizer', 8);
INSERT INTO Item (ItemID,RestaurantID,ItemName,ItemDescription,ItemCategory,ItemUnitPrice) VALUES (38, 8, 'Avocado Salad Avocado','Apple,Spinach', 'Salad', 9.9);
INSERT INTO Item (ItemID,RestaurantID,ItemName,ItemDescription,ItemCategory,ItemUnitPrice) VALUES (39, 8, 'Spicy Tuna Burger Tuna','Sauce,Tomato',' Sandwich', 11.8);
INSERT INTO Item (ItemID,RestaurantID,ItemName,ItemDescription,ItemCategory,ItemUnitPrice) VALUES (40, 8, 'Regal Regis Steak','Potato Salad', 'Sandwich', 12.8);
INSERT INTO Item (ItemID,RestaurantID,ItemName,ItemDescription,ItemCategory,ItemUnitPrice) VALUES (41, 2, 'Chichen Piccata',' Chicken,Potato', 'Plate', 13.45);
INSERT INTO Item (ItemID,RestaurantID,ItemName,ItemDescription,ItemCategory,ItemUnitPrice) VALUES (42, 2, 'Spcied Shrimp',' Shrimp,Spinach',' Plate', 12.9);
INSERT INTO Item (ItemID,RestaurantID,ItemName,ItemDescription,ItemCategory,ItemUnitPrice) VALUES (43, 2, 'Baked Ziti',' Italian Sauce','Cheese Plate', 15.99);


INSERT INTO Feedback (FeedbackID, RestaurantID, CustomerID, Rating, Comment) VALUES (1, 2, 1, 3.5, 'Y');
INSERT INTO Feedback (FeedbackID, RestaurantID, CustomerID, Rating, Comment) VALUES (2, 5, 2, 4.2, 'Y');
INSERT INTO Feedback (FeedbackID, RestaurantID, CustomerID, Rating, Comment) VALUES (3, 1, 3, 4, 'Y');
INSERT INTO Feedback (FeedbackID, RestaurantID, CustomerID, Rating, Comment) VALUES (4, 6, 4, 4.8, 'Y');
INSERT INTO Feedback (FeedbackID, RestaurantID, CustomerID, Rating, Comment) VALUES (5, 7, 5, 5, 'N');
INSERT INTO Feedback (FeedbackID, RestaurantID, CustomerID, Rating, Comment) VALUES (6, 7, 6, 4.1, 'N');
INSERT INTO Feedback (FeedbackID, RestaurantID, CustomerID, Rating, Comment) VALUES (7, 2, 7, 4, 'N');
INSERT INTO Feedback (FeedbackID, RestaurantID, CustomerID, Rating, Comment) VALUES (8, 1, 8, 3.2, 'Y');
INSERT INTO Feedback (FeedbackID, RestaurantID, CustomerID, Rating, Comment) VALUES (9, 9, 9, 3, 'N');
INSERT INTO Feedback (FeedbackID, RestaurantID, CustomerID, Rating, Comment) VALUES (10, 10, 10, 3.5, 'Y');
INSERT INTO Feedback (FeedbackID, RestaurantID, CustomerID, Rating, Comment) VALUES (11, 6, 11, 4, 'Y');
INSERT INTO Feedback (FeedbackID, RestaurantID, CustomerID, Rating, Comment) VALUES (12, 4, 12, 4.5, 'Y');
INSERT INTO Feedback (FeedbackID, RestaurantID, CustomerID, Rating, Comment) VALUES (13, 2, 13, 4.4, 'Y');
INSERT INTO Feedback (FeedbackID, RestaurantID, CustomerID, Rating, Comment) VALUES (14, 4, 14, 4.6, 'N');
INSERT INTO Feedback (FeedbackID, RestaurantID, CustomerID, Rating, Comment) VALUES (15, 3, 15, 3.8, 'N');
INSERT INTO Feedback (FeedbackID, RestaurantID, CustomerID, Rating, Comment) VALUES (16, 8, 16, 5, 'Y');
INSERT INTO Feedback (FeedbackID, RestaurantID, CustomerID, Rating, Comment) VALUES (17, 8, 17, 4.9, 'Y');
INSERT INTO Feedback (FeedbackID, RestaurantID, CustomerID, Rating, Comment) VALUES (18, 2, 18, 4.7, 'Y');


INSERT INTO [order] (OrderID,CustomerID,RestaurantID) VALUES ('1','1','2')
INSERT INTO [order] (OrderID,CustomerID,RestaurantID) VALUES ('2','2','5')
INSERT INTO [order] (OrderID,CustomerID,RestaurantID) VALUES ('3','3','1')
INSERT INTO [order] (OrderID,CustomerID,RestaurantID) VALUES ('4','4','6')
INSERT INTO [order] (OrderID,CustomerID,RestaurantID) VALUES ('5','5','7')
INSERT INTO [order] (OrderID,CustomerID,RestaurantID) VALUES ('6','6','7')
INSERT INTO [order] (OrderID,CustomerID,RestaurantID) VALUES ('7','7','2')
INSERT INTO [order] (OrderID,CustomerID,RestaurantID) VALUES ('8','8','1')
INSERT INTO [order] (OrderID,CustomerID,RestaurantID) VALUES ('9','9','9')
INSERT INTO [order] (OrderID,CustomerID,RestaurantID) VALUES ('10','10','10')
INSERT INTO [order] (OrderID,CustomerID,RestaurantID) VALUES ('11','11','6')
INSERT INTO [order] (OrderID,CustomerID,RestaurantID) VALUES ('12','12','4')
INSERT INTO [order] (OrderID,CustomerID,RestaurantID) VALUES ('13','13','2')
INSERT INTO [order] (OrderID,CustomerID,RestaurantID) VALUES ('14','14','4')
INSERT INTO [order] (OrderID,CustomerID,RestaurantID) VALUES ('15','15','3')
INSERT INTO [order] (OrderID,CustomerID,RestaurantID) VALUES ('16','16','8')
INSERT INTO [order] (OrderID,CustomerID,RestaurantID) VALUES ('17','17','8')
INSERT INTO [order] (OrderID,CustomerID,RestaurantID) VALUES ('18','18','2')


INSERT INTO Delivery (OrderID,DriverID,DeliveryFee) VALUES ('1','3','2.99');
INSERT INTO Delivery (OrderID,DriverID,DeliveryFee) VALUES ('2','6','3.99');
INSERT INTO Delivery (OrderID,DriverID,DeliveryFee) VALUES ('3','7','3.99');
INSERT INTO Delivery (OrderID,DriverID,DeliveryFee) VALUES ('4','2','3.99');
INSERT INTO Delivery (OrderID,DriverID,DeliveryFee) VALUES ('5','4','3.99');
INSERT INTO Delivery (OrderID,DriverID,DeliveryFee) VALUES ('6','9','3.99');
INSERT INTO Delivery (OrderID,DriverID,DeliveryFee) VALUES ('7','10','2.99');
INSERT INTO Delivery (OrderID,DriverID,DeliveryFee) VALUES ('8','8','2.99');
INSERT INTO Delivery (OrderID,DriverID,DeliveryFee) VALUES ('9','10','2.99');
INSERT INTO Delivery (OrderID,DriverID,DeliveryFee) VALUES ('10','5','2.99');
INSERT INTO Delivery (OrderID,DriverID,DeliveryFee) VALUES ('11','2','2.99');
INSERT INTO Delivery (OrderID,DriverID,DeliveryFee) VALUES ('12','4','4.99');
INSERT INTO Delivery (OrderID,DriverID,DeliveryFee) VALUES ('13','1','4.99');
INSERT INTO Delivery (OrderID,DriverID,DeliveryFee) VALUES ('14','1','4.99');
INSERT INTO Delivery (OrderID,DriverID,DeliveryFee) VALUES ('15','5','4.99');
INSERT INTO Delivery (OrderID,DriverID,DeliveryFee) VALUES ('16','9','3.99');
INSERT INTO Delivery (OrderID,DriverID,DeliveryFee) VALUES ('17','4','3.99');
INSERT INTO Delivery (OrderID,DriverID,DeliveryFee) VALUES ('18','2','2.99');

INSERT INTO [OrderLine] VALUES ('1','1','1','1');
INSERT INTO [OrderLine] VALUES ('2','1','2','1');
INSERT INTO [OrderLine] VALUES ('3','1','3','1');
INSERT INTO [OrderLine] VALUES ('4','2','4','1');
INSERT INTO [OrderLine] VALUES ('5','3','5','1');
INSERT INTO [OrderLine] VALUES ('6','4','6','1');
INSERT INTO [OrderLine] VALUES ('7','4','7','1');
INSERT INTO [OrderLine] VALUES ('8','5','8','1');
INSERT INTO [OrderLine] VALUES ('9','5','9','1');
INSERT INTO [OrderLine] VALUES ('10','6','10','1');
INSERT INTO [OrderLine] VALUES ('11','6','11','1');
INSERT INTO [OrderLine] VALUES ('12','6','12','1');
INSERT INTO [OrderLine] VALUES ('13','7','13','1');
INSERT INTO [OrderLine] VALUES ('14','8','14','1');
INSERT INTO [OrderLine] VALUES ('15','8','15','1');
INSERT INTO [OrderLine] VALUES ('16','9','16','1');
INSERT INTO [OrderLine] VALUES ('17','9','17','1');
INSERT INTO [OrderLine] VALUES ('18','9','18','1');
INSERT INTO [OrderLine] VALUES ('19','10','19','1');
INSERT INTO [OrderLine] VALUES ('20','10','20','1');
INSERT INTO [OrderLine] VALUES ('21','11','21','1');
INSERT INTO [OrderLine] VALUES ('22','11','22','1');
INSERT INTO [OrderLine] VALUES ('23','11','23','1');
INSERT INTO [OrderLine] VALUES ('24','12','24','1');
INSERT INTO [OrderLine] VALUES ('25','12','25','1');
INSERT INTO [OrderLine] VALUES ('26','12','26','1');
INSERT INTO [OrderLine] VALUES ('27','12','27','1');
INSERT INTO [OrderLine] VALUES ('28','13','28','1');
INSERT INTO [OrderLine] VALUES ('29','13','29','1');
INSERT INTO [OrderLine] VALUES ('30','14','30','1');
INSERT INTO [OrderLine] VALUES ('31','14','31','1');
INSERT INTO [OrderLine] VALUES ('32','15','32','1');
INSERT INTO [OrderLine] VALUES ('33','15','33','1');
INSERT INTO [OrderLine] VALUES ('34','15','34','1');
INSERT INTO [OrderLine] VALUES ('35','16','35','1');
INSERT INTO [OrderLine] VALUES ('36','16','36','1');
INSERT INTO [OrderLine] VALUES ('37','16','37','1');
INSERT INTO [OrderLine] VALUES ('38','16','38','1');
INSERT INTO [OrderLine] VALUES ('39','17','39','1');
INSERT INTO [OrderLine] VALUES ('40','17','40','1');
INSERT INTO [OrderLine] VALUES ('41','18','41','1');
INSERT INTO [OrderLine] VALUES ('42','18','42','1');
INSERT INTO [OrderLine] VALUES ('43','18','43','1');


INSERT INTO [Transaction] VALUES ('1','1','Credit Card');
INSERT INTO [Transaction] VALUES ('2','2','PayPal');
INSERT INTO [Transaction] VALUES ('3','3','PayPal');
INSERT INTO [Transaction] VALUES ('4','4','PayPal');
INSERT INTO [Transaction] VALUES ('5','5','PayPal');
INSERT INTO [Transaction] VALUES ('6','6','Credit Card');
INSERT INTO [Transaction] VALUES ('7','7','Credit Card');
INSERT INTO [Transaction] VALUES ('8','8','Debit Card');
INSERT INTO [Transaction] VALUES ('9','9','Credit Card');
INSERT INTO [Transaction] VALUES ('10','10','Credit Card');
INSERT INTO [Transaction] VALUES ('11','11','Debit Card');
INSERT INTO [Transaction] VALUES ('12','12','PayPal');
INSERT INTO [Transaction] VALUES ('13','13','PayPal');
INSERT INTO [Transaction] VALUES ('14','14','Credit Card');
INSERT INTO [Transaction] VALUES ('15','15','PayPal');
INSERT INTO [Transaction] VALUES ('16','16','Credit Card');
INSERT INTO [Transaction] VALUES ('17','17','Debit Card');
INSERT INTO [Transaction] VALUES ('18','18','Credit Card');

select*from Customer
select*from CustomerService
select*from Delivery
select*from DeliveryDriver
select*from Feedback
select*from FrequentCustomer
select*from Item
select*from [Order]
select*from OrderLine
select*from Restaurant
select*from [Transaction]
select*from VIPCustomer